{"cameraMode":{"drawMode":0,"name":"Shaded","section":"Shading Mode"},"sceneLighting":true,"audioPlay":false,"sceneViewState":{"m_AlwaysRefresh":false,"showFog":true,"showSkybox":true,"showFlares":true,"showImageEffects":false,"showParticleSystems":true,"showVisualEffectGraphs":true,"m_FxEnabled":true},"in2DMode":false,"pivot":{"x":45.31341552734375,"y":2.9463353157043459,"z":-2.496669292449951},"rotation":{"x":0.0014805167447775603,"y":0.9984892010688782,"z":0.03465191647410393,"w":-0.0426601842045784},"size":5.646121501922607,"orthographic":false}