{"cameraMode":{"drawMode":0,"name":"Shaded","section":"Shading Mode"},"sceneLighting":true,"audioPlay":false,"sceneViewState":{"m_AlwaysRefresh":false,"showFog":true,"showSkybox":true,"showFlares":true,"showImageEffects":true,"showParticleSystems":true,"showVisualEffectGraphs":true,"m_FxEnabled":true},"in2DMode":false,"pivot":{"x":376.9263000488281,"y":134.52883911132813,"z":122.74333953857422},"rotation":{"x":-0.017677392810583116,"y":-0.03699071332812309,"z":-0.0006544307107105851,"w":0.9991599917411804},"size":231.61822509765626,"orthographic":false}